id,first_name,last_name,email,gender,ip_address
1,Denna,Ravillas,dravillas0@rediff.com,Female,218.8.146.91
2,Fernanda,Rigard,frigard1@shinystat.com,Female,130.189.44.215
3,Paddy,Goodlatt,pgoodlatt2@paginegialle.it,Male,194.198.178.202
4,Abbe,Heart,aheart3@engadget.com,Female,205.46.120.82
5,Cami,Leeds,cleeds4@gnu.org,Female,157.99.174.198
6,Theodoric,Carragher,tcarragher5@chronoengine.com,Male,249.29.5.68
7,Tadio,Lidgate,tlidgate6@imgur.com,Male,161.130.181.140
8,Tonye,Wilshaw,twilshaw7@artisteer.com,Female,181.55.198.99
9,Berenice,McClaughlin,bmcclaughlin8@time.com,Female,179.60.42.41
10,Feodor,Strickett,fstrickett9@mlb.com,Male,176.46.253.210
11,Zebulon,Peyro,zpeyroa@cnn.com,Male,110.252.66.186
12,Dione,Dobson,ddobsonb@bandcamp.com,Female,30.71.133.108
13,Gabriel,Tolworthie,gtolworthiec@dell.com,Male,142.85.198.3
14,Caryl,Chieze,cchiezed@weebly.com,Male,170.54.100.234
15,Jan,Pulster,jpulstere@imgur.com,Female,167.196.22.52
16,Charles,Burdon,cburdonf@time.com,Male,236.172.112.9
17,Jared,Divell,jdivellg@about.me,Male,4.176.13.4
18,Garvey,Caldera,gcalderah@sohu.com,Male,48.237.118.78
19,Ben,Lomasny,blomasnyi@indiatimes.com,Male,86.120.239.11
20,Holmes,Buckel,hbuckelj@xrea.com,Male,77.253.30.149
21,Tate,Theml,tthemlk@blogs.com,Female,205.177.25.178
22,Benedetta,Shawcroft,bshawcroftl@bluehost.com,Female,134.102.157.165
23,Daphene,Jaycock,djaycockm@people.com.cn,Female,1.141.135.188
24,Ulysses,Wisby,uwisbyn@comsenz.com,Male,216.3.26.202
25,Cosmo,McColl,cmccollo@mysql.com,Male,52.33.78.161
26,Hastie,Cristofalo,hcristofalop@wufoo.com,Male,199.242.52.197
27,Rina,Pasticznyk,rpasticznykq@quantcast.com,Female,53.174.221.191
28,Emmet,Grunnell,egrunnellr@hostgator.com,Male,171.1.180.241
29,Noll,Cahn,ncahns@cocolog-nifty.com,Male,177.72.68.169
30,Halimeda,Marshalleck,hmarshalleckt@geocities.com,Female,156.118.253.171
31,Claus,Bottomore,cbottomoreu@multiply.com,Male,110.188.54.83
32,Rodd,Kingwell,rkingwellv@auda.org.au,Male,181.236.187.48
33,Stu,Awcock,sawcockw@tuttocitta.it,Male,194.244.242.230
34,Edita,Frier,efrierx@dagondesign.com,Female,70.40.77.250
35,Garald,Charteris,gcharterisy@webs.com,Male,119.133.149.53
36,Erina,Labat,elabatz@dropbox.com,Female,192.199.237.22
37,Ramon,Papachristophorou,rpapachristophorou10@bloglovin.com,Male,179.36.253.245
38,Weber,Pedlow,wpedlow11@woothemes.com,Male,224.110.179.82
39,Penn,Backhouse,pbackhouse12@goo.ne.jp,Male,227.29.200.116
40,Trstram,Orchard,torchard13@pcworld.com,Male,164.149.35.65
41,Mabelle,Cottesford,mcottesford14@nba.com,Female,37.148.43.121
42,Edyth,McClory,emcclory15@noaa.gov,Female,50.210.2.80
43,Molly,Artz,martz16@cisco.com,Female,222.177.236.64
44,Dirk,Bouts,dbouts17@godaddy.com,Male,203.34.3.204
45,Lezley,Threadgill,lthreadgill18@github.com,Male,50.127.7.42
46,Chad,English,cenglish19@google.com.hk,Female,222.117.242.171
47,Tricia,Laherty,tlaherty1a@1688.com,Female,62.102.234.7
48,Riley,Winspar,rwinspar1b@odnoklassniki.ru,Male,38.236.204.253
49,Delbert,Cicccitti,dcicccitti1c@digg.com,Male,204.207.151.151
50,Eada,Calvie,ecalvie1d@opera.com,Female,15.159.63.230
51,Donaugh,MacHarg,dmacharg1e@woothemes.com,Male,204.33.87.202
52,Kippar,Lebarree,klebarree1f@intel.com,Male,190.179.203.183
53,Keefe,Dukes,kdukes1g@macromedia.com,Male,77.216.39.247
54,Marieann,Currm,mcurrm1h@google.ca,Female,126.205.173.145
55,Freemon,Mullis,fmullis1i@chron.com,Male,84.201.3.109
56,Neille,Machin,nmachin1j@shop-pro.jp,Female,231.149.240.63
57,Bondie,Ruttgers,bruttgers1k@cbc.ca,Male,180.34.181.7
58,Timothy,Glinde,tglinde1l@icio.us,Male,113.255.18.147
59,Kordula,Glossop,kglossop1m@prnewswire.com,Female,226.82.125.2
60,Ashia,Sinkinson,asinkinson1n@arizona.edu,Female,201.154.163.153
61,Odetta,Gatch,ogatch1o@reuters.com,Female,179.215.243.116
62,Tonya,Kivits,tkivits1p@irs.gov,Female,34.183.179.206
63,Theo,Duckham,tduckham1q@smugmug.com,Male,214.201.213.225
64,Selle,Ossulton,sossulton1r@aol.com,Female,150.116.72.113
65,Juliann,Ollier,jollier1s@chron.com,Female,210.13.18.42
66,Robb,Albinson,ralbinson1t@phoca.cz,Male,10.147.201.255
67,Clareta,Stephen,cstephen1u@vinaora.com,Female,97.92.195.155
68,Tris,Kauffman,tkauffman1v@hostgator.com,Male,132.209.111.30
69,Leyla,Ingold,lingold1w@etsy.com,Female,3.246.26.20
70,Lorena,Quilliam,lquilliam1x@prweb.com,Female,255.193.112.235
71,Idalia,Marikhin,imarikhin1y@xing.com,Female,135.184.87.81
72,Jillene,Chopin,jchopin1z@ameblo.jp,Female,173.237.20.48
73,Gale,Alflatt,galflatt20@marriott.com,Female,45.21.145.190
74,Tripp,Pollington,tpollington21@elegantthemes.com,Male,236.79.177.180
75,Wilone,Statersfield,wstatersfield22@soup.io,Female,89.13.78.214
76,Ashleigh,Versey,aversey23@cyberchimps.com,Female,73.104.56.153
77,Waiter,Spaight,wspaight24@posterous.com,Male,130.168.29.65
78,Cullie,McAdam,cmcadam25@chronoengine.com,Male,145.112.113.126
79,Ramsay,Stivani,rstivani26@seattletimes.com,Male,41.252.146.197
80,Alanson,Iwaszkiewicz,aiwaszkiewicz27@paypal.com,Male,192.228.2.170
81,Jeromy,Bingell,jbingell28@ed.gov,Male,88.19.171.151
82,Anders,Hocking,ahocking29@elegantthemes.com,Male,185.180.205.200
83,Reeba,Rowlson,rrowlson2a@japanpost.jp,Female,53.142.84.175
84,Town,Marin,tmarin2b@loc.gov,Male,33.53.65.58
85,Eachelle,Giorgi,egiorgi2c@wikia.com,Female,132.143.63.153
86,Harrietta,Pancoust,hpancoust2d@1und1.de,Female,100.47.182.54
87,Foster,Feighney,ffeighney2e@aol.com,Male,92.43.233.138
88,Lowrance,Devanney,ldevanney2f@columbia.edu,Male,150.105.139.209
89,Peyton,Dudny,pdudny2g@webmd.com,Male,236.222.48.119
90,Ewen,Mertgen,emertgen2h@ucoz.com,Male,215.246.179.151
91,Charlot,Bauldry,cbauldry2i@fc2.com,Female,207.86.48.240
92,Dmitri,Jeffrey,djeffrey2j@paypal.com,Male,129.70.68.145
93,Giselle,Hearon,ghearon2k@cnet.com,Female,76.190.94.23
94,Chaunce,Privett,cprivett2l@youku.com,Male,207.93.81.13
95,Briana,Cheves,bcheves2m@nba.com,Female,233.140.184.173
96,Prince,Artharg,partharg2n@statcounter.com,Male,223.88.240.206
97,Elroy,Boughtwood,eboughtwood2o@umich.edu,Male,228.70.195.177
98,Valli,Geaves,vgeaves2p@ucla.edu,Female,249.124.225.123
99,Brewster,Jesteco,bjesteco2q@usda.gov,Male,161.183.198.118
100,Isabelita,de Bullion,idebullion2r@quantcast.com,Female,46.113.38.149
101,Ainslie,McKeefry,amckeefry2s@jiathis.com,Female,59.75.234.94
102,Kippy,Shead,kshead2t@parallels.com,Male,113.73.72.248
103,Evey,Wurz,ewurz2u@irs.gov,Female,197.158.46.238
104,Ana,Cottem,acottem2v@alibaba.com,Female,48.221.206.105
105,Chelsie,East,ceast2w@ow.ly,Female,237.134.158.197
106,Ives,Blease,iblease2x@xrea.com,Male,188.200.226.175
107,Simonne,McCurtain,smccurtain2y@topsy.com,Female,242.200.106.30
108,Liuka,Pottinger,lpottinger2z@weebly.com,Female,45.198.219.51
109,Julianna,Darkins,jdarkins30@shareasale.com,Female,250.181.161.225
110,Corabella,Gaine,cgaine31@hexun.com,Female,245.177.230.184
111,Crin,Dorward,cdorward32@google.es,Female,83.126.41.138
112,Sasha,Fraschini,sfraschini33@go.com,Male,177.45.154.16
113,Austine,Peacocke,apeacocke34@tuttocitta.it,Female,55.22.158.220
114,Merwyn,Culbert,mculbert35@github.io,Male,234.215.39.86
115,Jenelle,Hache,jhache36@google.com.hk,Female,226.178.5.147
116,Mae,Trembey,mtrembey37@blogtalkradio.com,Female,198.122.59.246
117,Jacynth,Padgham,jpadgham38@tamu.edu,Female,25.95.82.226
118,Faith,Foucard,ffoucard39@upenn.edu,Female,235.8.128.90
119,Pall,Davidde,pdavidde3a@chicagotribune.com,Male,29.110.82.211
120,Mohandis,Chalder,mchalder3b@answers.com,Male,160.162.224.215
121,Ardelia,Keating,akeating3c@pagesperso-orange.fr,Female,101.34.173.172
122,York,Kirkwood,ykirkwood3d@hubpages.com,Male,5.211.117.154
123,Rosina,Lewsie,rlewsie3e@ning.com,Female,127.219.108.245
124,Isabelle,Beetles,ibeetles3f@mayoclinic.com,Female,193.246.67.157
125,Arlyne,Filipov,afilipov3g@engadget.com,Female,94.176.67.92
126,Petrina,Grolle,pgrolle3h@foxnews.com,Female,105.119.127.242
127,Calli,Lowman,clowman3i@kickstarter.com,Female,140.163.196.250
128,Caralie,Silverlock,csilverlock3j@g.co,Female,10.83.57.207
129,Kassandra,Vallerine,kvallerine3k@japanpost.jp,Female,77.161.197.149
130,Lindsay,Fullegar,lfullegar3l@cargocollective.com,Male,13.191.214.137
131,Tymon,Mason,tmason3m@sitemeter.com,Male,127.234.105.71
132,Paula,Franciotti,pfranciotti3n@blogtalkradio.com,Female,131.124.211.145
133,Deane,Shelton,dshelton3o@nydailynews.com,Male,212.169.234.104
134,August,Akrigg,aakrigg3p@nih.gov,Male,155.87.51.51
135,Sofia,Vannet,svannet3q@cdbaby.com,Female,160.207.1.222
136,Farrand,Simioli,fsimioli3r@blogger.com,Female,37.224.140.208
137,Jenny,Woodyer,jwoodyer3s@vk.com,Female,2.108.34.102
138,Raynell,Villaron,rvillaron3t@nytimes.com,Female,139.95.75.152
139,Hayes,Briston,hbriston3u@instagram.com,Male,17.14.211.32
140,Gwenny,Krimmer,gkrimmer3v@biglobe.ne.jp,Female,35.98.31.201
141,Jannelle,Arnal,jarnal3w@icq.com,Female,212.39.105.178
142,Anita,Khrishtafovich,akhrishtafovich3x@bloglines.com,Female,116.15.125.207
143,Jesus,Walden,jwalden3y@netlog.com,Male,42.138.163.69
144,Emanuel,Bardell,ebardell3z@shinystat.com,Male,95.46.21.196
145,Alf,Dressel,adressel40@nasa.gov,Male,196.254.67.130
146,Jone,Jeacock,jjeacock41@ucla.edu,Male,230.244.27.86
147,Maudie,Flury,mflury42@is.gd,Female,19.51.132.205
148,Cordey,Ensor,censor43@elegantthemes.com,Female,244.241.80.138
149,Elizabet,Aggott,eaggott44@ask.com,Female,8.59.8.111
150,Jake,Bulleyn,jbulleyn45@fc2.com,Male,35.199.68.22
151,Bartolemo,von Hagt,bvonhagt46@wired.com,Male,242.123.113.156
152,Alana,Witsey,awitsey47@constantcontact.com,Female,176.70.189.181
153,Madonna,Haborn,mhaborn48@ustream.tv,Female,67.217.146.4
154,Hannah,Owens,howens49@google.ca,Female,13.193.193.171
155,Jud,Heal,jheal4a@ifeng.com,Male,50.194.209.181
156,Kermie,Faas,kfaas4b@oaic.gov.au,Male,70.225.41.7
157,Caria,Kleanthous,ckleanthous4c@walmart.com,Female,146.246.206.42
158,Royall,Ballingal,rballingal4d@liveinternet.ru,Male,157.96.70.53
159,Corine,Moff,cmoff4e@jiathis.com,Female,24.180.30.127
160,Letizia,Harring,lharring4f@uiuc.edu,Female,59.178.74.10
161,Sella,Faircliffe,sfaircliffe4g@sfgate.com,Female,247.50.113.110
162,Cole,Wallhead,cwallhead4h@ucoz.ru,Male,12.146.90.144
163,Moise,Nelthrop,mnelthrop4i@google.co.uk,Male,251.223.241.90
164,Leone,Brownstein,lbrownstein4j@sciencedirect.com,Female,16.89.72.67
165,Rochella,Sappy,rsappy4k@dedecms.com,Female,18.245.40.88
166,Catarina,Pleace,cpleace4l@alibaba.com,Female,160.57.41.21
167,Giffard,Powe,gpowe4m@shinystat.com,Male,156.49.104.43
168,Giuditta,Winterbottom,gwinterbottom4n@gizmodo.com,Female,84.206.219.206
169,Doug,Nicholl,dnicholl4o@blinklist.com,Male,127.234.95.61
170,Alic,Filipov,afilipov4p@jiathis.com,Male,205.11.40.252
171,Abramo,Elfitt,aelfitt4q@house.gov,Male,80.191.212.246
172,Barnard,Ivasechko,bivasechko4r@discuz.net,Male,212.147.236.25
173,Shirley,Taunton.,staunton4s@twitpic.com,Female,50.30.138.145
174,Carma,Birchner,cbirchner4t@mit.edu,Female,217.19.2.40
175,Fidel,Glaisner,fglaisner4u@homestead.com,Male,24.34.35.19
176,Shem,O'Cahey,socahey4v@themeforest.net,Male,181.254.29.223
177,Hamish,Mouat,hmouat4w@ibm.com,Male,89.178.10.34
178,Moreen,Thickett,mthickett4x@free.fr,Female,127.32.110.223
179,Shell,Klewer,sklewer4y@cbc.ca,Female,95.139.217.79
180,Arabel,Northidge,anorthidge4z@reverbnation.com,Female,6.162.115.203
181,Dina,Stanaway,dstanaway50@auda.org.au,Female,231.17.175.174
182,Pall,Eichmann,peichmann51@gmpg.org,Male,157.4.17.16
183,Mortimer,Madoc-Jones,mmadocjones52@seesaa.net,Male,210.58.197.22
184,Sander,Dearman,sdearman53@mayoclinic.com,Male,198.134.50.28
185,Aldo,Wivell,awivell54@blog.com,Male,57.209.203.194
186,Westbrooke,Collingwood,wcollingwood55@home.pl,Male,158.176.110.155
187,Staci,Disley,sdisley56@prnewswire.com,Female,246.243.55.38
188,Sacha,Burless,sburless57@shop-pro.jp,Female,90.14.99.168
189,Halsey,Symonds,hsymonds58@facebook.com,Male,212.74.163.156
190,Legra,Yaakov,lyaakov59@imdb.com,Female,237.26.113.205
191,Barr,Candie,bcandie5a@drupal.org,Male,202.32.8.123
192,Benedetta,Craighall,bcraighall5b@yelp.com,Female,124.169.53.178
193,Binnie,Rallings,brallings5c@zimbio.com,Female,27.157.1.235
194,Gerome,Draycott,gdraycott5d@dion.ne.jp,Male,235.247.239.61
195,Hervey,Abrashkin,habrashkin5e@auda.org.au,Male,133.38.217.201
196,Trenna,Shillan,tshillan5f@i2i.jp,Female,49.60.109.69
197,Arney,Challener,achallener5g@bloglovin.com,Male,151.241.31.7
198,Lissi,Risbridger,lrisbridger5h@latimes.com,Female,13.116.252.215
199,Gerome,Pirouet,gpirouet5i@businesswire.com,Male,240.6.144.69
200,Kerwinn,Joye,kjoye5j@state.tx.us,Male,203.61.44.169
201,Kingsley,Lorie,klorie5k@163.com,Male,152.191.51.82
202,Bellina,Trustrie,btrustrie5l@imageshack.us,Female,79.23.216.158
203,Jayne,Rawll,jrawll5m@tuttocitta.it,Female,115.64.27.115
204,Filmer,Bartos,fbartos5n@google.co.jp,Male,23.1.16.179
205,Ephrayim,Corrado,ecorrado5o@berkeley.edu,Male,72.17.251.76
206,Stephine,Koba,skoba5p@tiny.cc,Female,117.124.63.222
207,Melvyn,Iorillo,miorillo5q@examiner.com,Male,34.21.107.205
208,Jolyn,Tremouille,jtremouille5r@constantcontact.com,Female,116.114.48.53
209,Gabbi,Bazoge,gbazoge5s@tumblr.com,Female,148.209.154.240
210,Wade,Acton,wacton5t@dell.com,Male,21.71.198.142
211,Margot,Verrillo,mverrillo5u@list-manage.com,Female,176.231.73.94
212,Rochester,Pauling,rpauling5v@cbslocal.com,Male,4.13.141.25
213,Kellby,Hebblethwaite,khebblethwaite5w@hc360.com,Male,188.122.12.63
214,Kelley,Oleksinski,koleksinski5x@census.gov,Male,117.117.181.86
215,Dulcie,Sheaber,dsheaber5y@cdbaby.com,Female,148.7.0.191
216,Tymothy,Echalie,techalie5z@gnu.org,Male,161.183.64.110
217,Claudius,Sammonds,csammonds60@who.int,Male,132.227.223.83
218,Quentin,Maps,qmaps61@mtv.com,Male,19.39.146.32
219,Binky,Gawkroge,bgawkroge62@wired.com,Male,95.229.8.223
220,Uriel,Basey,ubasey63@amazon.co.uk,Male,235.205.24.166
221,Dall,Dosdale,ddosdale64@techcrunch.com,Male,20.45.47.241
222,Lyon,Posse,lposse65@networkadvertising.org,Male,250.27.25.210
223,Vitoria,Emanuelov,vemanuelov66@omniture.com,Female,107.2.115.235
224,Reid,Mustill,rmustill67@army.mil,Male,55.39.182.207
225,Alfi,Gouck,agouck68@a8.net,Female,54.148.182.22
226,Bevvy,Carlesso,bcarlesso69@chron.com,Female,29.205.153.19
227,Kleon,Sargood,ksargood6a@auda.org.au,Male,176.196.222.140
228,Demetre,O'Currigan,docurrigan6b@163.com,Male,184.3.229.93
229,Hetty,Volke,hvolke6c@wsj.com,Female,154.97.186.147
230,Boote,Reye,breye6d@gizmodo.com,Male,241.214.248.0
231,Clarine,Shilliday,cshilliday6e@squidoo.com,Female,2.49.251.61
232,Lazaro,Jewell,ljewell6f@utexas.edu,Male,153.186.29.236
233,Coralie,Gwatkin,cgwatkin6g@goodreads.com,Female,3.137.104.61
234,Kippie,Cogan,kcogan6h@simplemachines.org,Male,39.26.48.81
235,Allistir,Wyper,awyper6i@walmart.com,Male,109.136.93.30
236,Regan,Reisenberg,rreisenberg6j@yolasite.com,Male,11.76.71.93
237,Lizzy,Noell,lnoell6k@columbia.edu,Female,93.166.9.108
238,Karissa,Blaycock,kblaycock6l@cbc.ca,Female,110.60.182.24
239,Vilma,Bachelar,vbachelar6m@state.gov,Female,205.180.69.28
240,Garrard,Petrie,gpetrie6n@hao123.com,Male,246.211.161.2
241,Elsinore,Mallaby,emallaby6o@tiny.cc,Female,73.77.138.82
242,Bevan,Kornilyev,bkornilyev6p@google.com,Male,152.188.126.115
243,Ruggiero,Craik,rcraik6q@slashdot.org,Male,176.141.25.152
244,Latisha,Bart,lbart6r@pbs.org,Female,184.240.214.15
245,Warde,Spoors,wspoors6s@twitter.com,Male,206.191.232.238
246,Nadiya,Acors,nacors6t@chron.com,Female,76.169.15.219
247,Tremaine,MacKettrick,tmackettrick6u@zdnet.com,Male,55.120.35.176
248,Marlin,Westwood,mwestwood6v@w3.org,Male,64.9.239.39
249,Gwenora,Lingfoot,glingfoot6w@live.com,Female,225.210.173.158
250,Nathalia,Morgen,nmorgen6x@nhs.uk,Female,165.151.146.207
251,Brandais,Boreland,bboreland6y@tiny.cc,Female,123.188.61.116
252,Nollie,Waszkiewicz,nwaszkiewicz6z@e-recht24.de,Male,49.205.181.6
253,Orren,Johananov,ojohananov70@etsy.com,Male,218.254.64.115
254,Tabatha,Griffith,tgriffith71@toplist.cz,Female,161.198.226.230
255,Hillyer,Leyshon,hleyshon72@over-blog.com,Male,42.167.51.148
256,Harlene,Riteley,hriteley73@odnoklassniki.ru,Female,97.226.145.44
257,Jemmy,Malins,jmalins74@cargocollective.com,Female,158.145.76.23
258,Rustin,Waine,rwaine75@sbwire.com,Male,17.208.23.205
259,Clemmie,Blees,cblees76@topsy.com,Male,25.156.173.219
260,Tonia,Pinches,tpinches77@reddit.com,Female,88.148.34.35
261,Gussie,Bleby,gbleby78@sun.com,Female,90.188.149.165
262,Ike,Sinclaire,isinclaire79@hugedomains.com,Male,102.198.195.207
263,Omero,Embury,oembury7a@blogtalkradio.com,Male,74.95.50.13
264,Westleigh,Plessing,wplessing7b@senate.gov,Male,144.128.234.1
265,Hebert,Walework,hwalework7c@npr.org,Male,182.201.76.138
266,Corri,Westall,cwestall7d@cargocollective.com,Female,32.55.111.109
267,Bunnie,Cardwell,bcardwell7e@umich.edu,Female,138.253.215.226
268,Guntar,Ingrem,gingrem7f@netlog.com,Male,91.2.230.41
269,Irwinn,McGarahan,imcgarahan7g@dot.gov,Male,189.131.255.193
270,Johanna,Quimby,jquimby7h@dyndns.org,Female,225.130.60.54
271,Christie,Younger,cyounger7i@cnbc.com,Male,210.92.5.213
272,Colleen,Matzkaitis,cmatzkaitis7j@so-net.ne.jp,Female,216.152.198.177
273,Pietro,Campana,pcampana7k@bluehost.com,Male,245.84.229.38
274,Hope,Beecker,hbeecker7l@hostgator.com,Female,93.66.47.133
275,Ransom,Sowerbutts,rsowerbutts7m@imageshack.us,Male,32.68.211.51
276,Yulma,Orriss,yorriss7n@unblog.fr,Male,52.161.145.6
277,Chan,Genney,cgenney7o@163.com,Male,49.15.10.29
278,Georgeanne,Gurdon,ggurdon7p@mashable.com,Female,140.55.79.134
279,Geordie,Blanc,gblanc7q@nifty.com,Male,110.115.152.87
280,Kristoforo,Harcombe,kharcombe7r@de.vu,Male,49.110.114.250
281,Devondra,Osmant,dosmant7s@disqus.com,Female,172.19.78.23
282,Ebeneser,Hornung,ehornung7t@phoca.cz,Male,54.100.104.106
283,Lenna,Manford,lmanford7u@ow.ly,Female,191.169.82.0
284,Aksel,Sweedland,asweedland7v@ox.ac.uk,Male,55.193.57.225
285,Babs,Barens,bbarens7w@ca.gov,Female,33.130.183.131
286,Miquela,Whilder,mwhilder7x@miitbeian.gov.cn,Female,187.133.181.196
287,Rafaelia,McGlaud,rmcglaud7y@salon.com,Female,203.244.38.194
288,Lindsay,Antrack,lantrack7z@amazon.co.uk,Female,134.95.81.213
289,Sabra,Lambertz,slambertz80@issuu.com,Female,186.177.27.164
290,Ulises,Deathridge,udeathridge81@yandex.ru,Male,184.232.23.200
291,Brianne,Philpin,bphilpin82@360.cn,Female,16.190.55.42
292,Marylin,Grout,mgrout83@sina.com.cn,Female,235.247.182.16
293,Aili,Jerson,ajerson84@umn.edu,Female,44.83.150.65
294,Tucker,Caswell,tcaswell85@ask.com,Male,20.56.153.160
295,Helenka,Vasentsov,hvasentsov86@163.com,Female,221.18.26.138
296,Merrilee,Rowan,mrowan87@chicagotribune.com,Female,91.183.29.135
297,Calvin,Neillans,cneillans88@etsy.com,Male,147.184.232.241
298,Violante,Audus,vaudus89@amazon.co.uk,Female,138.224.3.232
299,Valry,Busswell,vbusswell8a@alibaba.com,Female,117.179.175.124
300,Zollie,Pether,zpether8b@omniture.com,Male,108.208.18.175
301,Hazlett,Phillis,hphillis8c@yellowpages.com,Male,202.136.96.139
302,Sofia,Turvie,sturvie8d@samsung.com,Female,95.196.16.195
303,Letti,Lardier,llardier8e@microsoft.com,Female,254.64.143.193
304,Abbi,Attwill,aattwill8f@uol.com.br,Female,5.25.159.130
305,Dena,Cadigan,dcadigan8g@techcrunch.com,Female,39.91.189.138
306,Carlyle,Scudders,cscudders8h@army.mil,Male,163.108.212.123
307,Cyrille,McCard,cmccard8i@privacy.gov.au,Male,49.149.217.98
308,Vinnie,Jennions,vjennions8j@printfriendly.com,Female,194.63.178.245
309,Lark,Sanney,lsanney8k@soup.io,Female,221.110.67.9
310,Adey,Sabben,asabben8l@sciencedirect.com,Female,7.250.46.112
311,Joelle,Bools,jbools8m@army.mil,Female,179.2.86.20
312,Katinka,Andre,kandre8n@wisc.edu,Female,89.226.208.228
313,Joelle,McKall,jmckall8o@msn.com,Female,102.60.100.95
314,Garnette,Tsarovic,gtsarovic8p@github.com,Female,228.142.37.66
315,Devon,Brilon,dbrilon8q@artisteer.com,Female,82.151.19.23
316,Sarene,Casbolt,scasbolt8r@indiegogo.com,Female,246.233.31.50
317,Wendell,MacMaykin,wmacmaykin8s@ihg.com,Male,115.18.112.143
318,Bert,Doble,bdoble8t@freewebs.com,Female,135.205.70.240
319,Padgett,Risom,prisom8u@unesco.org,Male,238.226.54.32
320,Ellis,MacGinlay,emacginlay8v@is.gd,Male,111.56.121.162
321,Vilhelmina,Standish-Brooks,vstandishbrooks8w@sina.com.cn,Female,244.201.186.85
322,Ruthann,Stentiford,rstentiford8x@vk.com,Female,23.190.125.200
323,Sax,Barhams,sbarhams8y@omniture.com,Male,115.170.237.162
324,Wynne,Dibbe,wdibbe8z@jugem.jp,Female,255.212.67.98
325,Arabelle,Mounfield,amounfield90@ca.gov,Female,56.82.93.58
326,Mac,Benoit,mbenoit91@last.fm,Male,176.240.91.17
327,Max,Hurche,mhurche92@fotki.com,Male,171.76.186.155
328,Vergil,Roggieri,vroggieri93@fc2.com,Male,245.14.15.24
329,Charlean,Durrance,cdurrance94@liveinternet.ru,Female,11.249.195.195
330,Jeramie,Beretta,jberetta95@ihg.com,Male,202.138.156.156
331,Cassius,Ferguson,cferguson96@paginegialle.it,Male,71.230.206.29
332,Elmira,Van Der Straaten,evanderstraaten97@ucoz.com,Female,130.131.188.205
333,Emmalyn,Cumpsty,ecumpsty98@imageshack.us,Female,109.120.193.164
334,Farrand,Ledbury,fledbury99@sitemeter.com,Female,31.185.252.129
335,Jenifer,Dourin,jdourin9a@bloglovin.com,Female,248.240.99.183
336,Randell,Bunson,rbunson9b@senate.gov,Male,185.52.162.201
337,Hetty,McKiernan,hmckiernan9c@photobucket.com,Female,230.83.95.73
338,Padget,Bundey,pbundey9d@census.gov,Male,42.239.125.39
339,Reeta,McMurthy,rmcmurthy9e@kickstarter.com,Female,185.130.193.184
340,Reinald,Housbey,rhousbey9f@cafepress.com,Male,84.75.85.240
341,Darnell,Leechman,dleechman9g@cnn.com,Male,252.33.255.212
342,Edita,Waple,ewaple9h@shutterfly.com,Female,88.137.56.177
343,Basilio,Keuning,bkeuning9i@usatoday.com,Male,197.250.50.23
344,Augy,Hun,ahun9j@devhub.com,Male,239.121.18.110
345,Winslow,Frearson,wfrearson9k@nationalgeographic.com,Male,33.153.129.90
346,Terrence,Gaitone,tgaitone9l@latimes.com,Male,50.98.40.180
347,Terrence,Dmtrovic,tdmtrovic9m@github.io,Male,100.167.130.215
348,Berni,Joddins,bjoddins9n@dropbox.com,Female,107.251.183.117
349,Rowe,McNicol,rmcnicol9o@jimdo.com,Female,183.93.12.174
350,Joyann,Cargill,jcargill9p@hostgator.com,Female,53.61.144.62
351,Lolita,Nanelli,lnanelli9q@sun.com,Female,238.208.105.219
352,Stuart,Adamek,sadamek9r@pagesperso-orange.fr,Male,202.220.231.133
353,Warde,McFfaden,wmcffaden9s@wikia.com,Male,63.209.76.36
354,Augusto,McClory,amcclory9t@slate.com,Male,217.248.255.54
355,Silvia,Mulqueeny,smulqueeny9u@umn.edu,Female,217.197.113.244
356,Erminia,Futty,efutty9v@feedburner.com,Female,176.243.231.118
357,Ailbert,Pennings,apennings9w@webmd.com,Male,227.41.232.254
358,Bear,McBrady,bmcbrady9x@ezinearticles.com,Male,27.191.165.12
359,Shayne,Haslehurst,shaslehurst9y@qq.com,Male,139.80.165.204
360,Hyacinthe,Alliot,halliot9z@ow.ly,Female,61.205.171.199
361,Hyacinthie,Hackworth,hhackwortha0@marriott.com,Female,56.35.9.58
362,Andrus,Fabb,afabba1@tinypic.com,Male,222.58.11.131
363,Angel,Guite,aguitea2@rakuten.co.jp,Male,155.69.234.126
364,Raynell,Titterrell,rtitterrella3@fema.gov,Female,227.66.158.82
365,Arden,McTear,amcteara4@netscape.com,Female,67.33.95.59
366,Dilan,Simakov,dsimakova5@etsy.com,Male,204.79.184.216
367,Carine,De Gregorio,cdegregorioa6@g.co,Female,246.166.165.47
368,Mack,Menhenitt,mmenhenitta7@instagram.com,Male,233.241.219.168
369,Janie,Marini,jmarinia8@mail.ru,Female,37.63.8.139
370,Deeanne,Caswill,dcaswilla9@statcounter.com,Female,192.92.80.143
371,Ellery,Hartwell,ehartwellaa@google.pl,Male,171.224.21.21
372,Loralyn,Pallesen,lpallesenab@imdb.com,Female,99.228.4.76
373,Royall,Pretsell,rpretsellac@topsy.com,Male,106.77.198.79
374,Nickolaus,Belk,nbelkad@google.com.au,Male,134.167.163.119
375,Kare,Henbury,khenburyae@trellian.com,Female,77.90.55.116
376,Skylar,Folonin,sfoloninaf@e-recht24.de,Male,44.126.222.121
377,Kirstyn,Limerick,klimerickag@about.me,Female,235.41.29.174
378,Etheline,Swiggs,eswiggsah@a8.net,Female,227.95.9.42
379,Vina,Battershall,vbattershallai@salon.com,Female,63.180.229.245
380,Putnam,Dodson,pdodsonaj@samsung.com,Male,191.171.107.86
381,Lilas,Neljes,lneljesak@flavors.me,Female,28.218.130.251
382,Adiana,Budcock,abudcockal@nhs.uk,Female,138.236.225.154
383,Meryl,Northage,mnorthageam@facebook.com,Female,130.175.6.87
384,Lisetta,Clemmow,lclemmowan@chron.com,Female,24.39.229.55
385,Gilles,Skingley,gskingleyao@tripadvisor.com,Male,41.96.45.31
386,Aharon,McAlester,amcalesterap@archive.org,Male,50.71.250.22
387,Kaile,Slyme,kslymeaq@wsj.com,Female,206.175.168.238
388,Ramsey,Emerton,remertonar@over-blog.com,Male,208.234.58.69
389,Vonny,McKirton,vmckirtonas@opera.com,Female,71.142.27.225
390,Micheil,Stichel,mstichelat@nbcnews.com,Male,155.215.181.177
391,Archibold,Bebbington,abebbingtonau@bravesites.com,Male,67.164.94.89
392,Neysa,Horrigan,nhorriganav@arstechnica.com,Female,228.198.101.248
393,Linn,Briton,lbritonaw@symantec.com,Male,180.37.230.90
394,Charles,Izatson,cizatsonax@cbslocal.com,Male,161.116.240.141
395,Lowrance,Parysiak,lparysiakay@ucla.edu,Male,80.35.125.116
396,Gerrie,Leggen,gleggenaz@si.edu,Male,218.178.108.207
397,Tania,Drohane,tdrohaneb0@archive.org,Female,143.154.17.242
398,Carlynn,Isaq,cisaqb1@bluehost.com,Female,254.49.59.154
399,Betti,Sevior,bseviorb2@ed.gov,Female,163.145.82.53
400,Lorettalorna,Fleischmann,lfleischmannb3@toplist.cz,Female,182.120.38.187
401,Barret,Runciman,bruncimanb4@ftc.gov,Male,82.241.42.125
402,Hillier,Sabin,hsabinb5@elegantthemes.com,Male,133.238.11.230
403,Tobi,Spofford,tspoffordb6@jiathis.com,Female,137.92.234.196
404,Borg,Delion,bdelionb7@oakley.com,Male,44.19.253.250
405,Adda,Forgie,aforgieb8@xinhuanet.com,Female,77.224.215.251
406,Laetitia,Wapple,lwappleb9@cbslocal.com,Female,134.69.53.70
407,Kathryn,Bilt,kbiltba@google.co.uk,Female,141.31.77.38
408,Reginauld,Byrne,rbyrnebb@opera.com,Male,99.198.30.163
409,Caralie,McAreavey,cmcareaveybc@mozilla.com,Female,137.225.84.88
410,Kristin,Cove,kcovebd@aol.com,Female,148.190.19.206
411,Sansone,Middas,smiddasbe@clickbank.net,Male,33.13.54.118
412,Babette,Labrom,blabrombf@wisc.edu,Female,236.240.73.95
413,Gwendolyn,Wolver,gwolverbg@diigo.com,Female,10.177.230.195
414,Edwina,Goudard,egoudardbh@dell.com,Female,122.130.107.91
415,Cordy,Shorto,cshortobi@jalbum.net,Female,144.32.13.119
416,Garland,Sermin,gserminbj@census.gov,Female,238.203.219.124
417,Gelya,Slocombe,gslocombebk@aol.com,Female,138.18.223.85
418,Tabitha,Pulham,tpulhambl@usnews.com,Female,30.100.252.7
419,Glennie,Savoury,gsavourybm@dagondesign.com,Female,19.159.204.234
420,Dominga,Kennagh,dkennaghbn@tinyurl.com,Female,71.232.213.193
421,Ase,Boyd,aboydbo@godaddy.com,Male,166.93.170.236
422,Tucker,Linfoot,tlinfootbp@zimbio.com,Male,59.235.142.190
423,Rosaline,Rhymer,rrhymerbq@tinypic.com,Female,243.94.224.44
424,Ham,Blasio,hblasiobr@theatlantic.com,Male,138.106.131.244
425,Catha,Coton,ccotonbs@craigslist.org,Female,165.255.5.191
426,Byram,Ninotti,bninottibt@berkeley.edu,Male,39.107.68.41
427,Herminia,Walford,hwalfordbu@ehow.com,Female,212.37.147.58
428,Trey,Saer,tsaerbv@amazon.com,Male,10.203.132.37
429,Alidia,Bickerton,abickertonbw@google.com.br,Female,15.193.101.228
430,Franciskus,Petigrew,fpetigrewbx@mayoclinic.com,Male,51.138.6.7
431,Cob,Melendez,cmelendezby@nature.com,Male,177.15.77.127
432,Bertine,Taig,btaigbz@icq.com,Female,94.206.22.147
433,Penn,Harback,pharbackc0@mashable.com,Male,140.16.248.59
434,Sheff,Tuffrey,stuffreyc1@blogger.com,Male,104.224.230.39
435,Guthrie,Purse,gpursec2@pagesperso-orange.fr,Male,251.53.120.239
436,Randene,Brakewell,rbrakewellc3@cpanel.net,Female,123.106.88.105
437,Gilberto,Wapol,gwapolc4@sbwire.com,Male,198.121.211.185
438,Wynn,Hubbucke,whubbuckec5@drupal.org,Female,105.226.239.155
439,Minnaminnie,Bennie,mbenniec6@cam.ac.uk,Female,38.206.90.122
440,Luis,Sperwell,lsperwellc7@naver.com,Male,242.94.101.190
441,Brigid,Paulusch,bpauluschc8@prweb.com,Female,21.192.89.187
442,Katey,Sturgess,ksturgessc9@theglobeandmail.com,Female,170.220.235.215
443,Archy,Swiffan,aswiffanca@de.vu,Male,240.230.224.86
444,Farrel,Coulter,fcoultercb@cbc.ca,Male,245.36.30.70
445,Meaghan,Thomassen,mthomassencc@indiegogo.com,Female,160.18.172.119
446,Jermaine,Spiniello,jspiniellocd@newsvine.com,Male,11.178.61.254
447,Maitilde,Bryan,mbryance@alexa.com,Female,53.220.131.153
448,Hayyim,Francecione,hfrancecionecf@nationalgeographic.com,Male,213.81.124.168
449,Leoline,Percifer,lpercifercg@google.com.br,Female,141.94.159.251
450,Zelma,Jolliman,zjollimanch@yahoo.com,Female,146.202.69.11
451,Lucita,Doxsey,ldoxseyci@github.com,Female,164.67.43.106
452,Billi,Brooker,bbrookercj@chron.com,Female,41.41.159.94
453,Alberta,Niset,anisetck@rakuten.co.jp,Female,114.143.77.9
454,Aubrey,Rizzetti,arizzetticl@icq.com,Female,27.64.95.72
455,Gianina,Lathan,glathancm@istockphoto.com,Female,255.125.15.13
456,Essy,Howcroft,ehowcroftcn@1und1.de,Female,50.243.54.175
457,Hy,Bachanski,hbachanskico@amazon.co.uk,Male,78.225.74.90
458,Serena,Dignam,sdignamcp@usgs.gov,Female,50.63.207.50
459,Andres,Wimbridge,awimbridgecq@dedecms.com,Male,64.126.74.31
460,Valentine,Young,vyoungcr@hp.com,Male,7.252.84.41
461,Remus,Vedenyapin,rvedenyapincs@narod.ru,Male,121.43.79.60
462,Cathy,Bette,cbettect@alibaba.com,Female,140.165.9.32
463,Vernon,Sapena,vsapenacu@washingtonpost.com,Male,246.208.235.124
464,Etti,Whatmough,ewhatmoughcv@nhs.uk,Female,235.253.217.224
465,Rubia,Rocca,rroccacw@list-manage.com,Female,27.149.18.45
466,Siegfried,Willcot,swillcotcx@seattletimes.com,Male,140.180.236.28
467,Isabelita,Reuven,ireuvency@prweb.com,Female,71.173.6.182
468,Ertha,Rabjohn,erabjohncz@omniture.com,Female,209.99.90.63
469,Darryl,Sille,dsilled0@last.fm,Male,56.182.181.66
470,Amandie,Measures,ameasuresd1@flavors.me,Female,28.46.28.234
471,Claudetta,Schimoni,cschimonid2@chron.com,Female,20.16.243.218
472,Kimmi,Stegel,kstegeld3@moonfruit.com,Female,50.119.75.59
473,Ninetta,Manchett,nmanchettd4@blogspot.com,Female,71.239.205.238
474,Emery,Baxendale,ebaxendaled5@twitter.com,Male,214.75.246.71
475,Berkie,Geldard,bgeldardd6@ebay.com,Male,57.114.219.221
476,Arturo,Couve,acouved7@loc.gov,Male,140.132.8.68
477,Cross,O'Doohaine,codoohained8@yahoo.com,Male,104.131.141.95
478,Lucian,Ivanenkov,livanenkovd9@ed.gov,Male,28.245.216.98
479,Edi,Cumbridge,ecumbridgeda@va.gov,Female,187.76.192.148
480,Mikkel,Speere,mspeeredb@newyorker.com,Male,36.34.80.112
481,Saunder,Hawtrey,shawtreydc@chron.com,Male,153.94.30.124
482,Carmencita,Drewitt,cdrewittdd@umn.edu,Female,135.93.201.206
483,Sayers,Messier,smessierde@noaa.gov,Male,113.58.191.21
484,Karoly,Kliesl,kkliesldf@altervista.org,Female,5.12.216.185
485,Gery,Elsegood,gelsegooddg@macromedia.com,Male,218.34.16.94
486,Dari,Chattaway,dchattawaydh@1und1.de,Female,173.128.184.128
487,Christabel,Gallatly,cgallatlydi@sphinn.com,Female,57.201.20.217
488,Joline,Jeannet,jjeannetdj@gizmodo.com,Female,43.197.3.13
489,Moses,Kuhn,mkuhndk@buzzfeed.com,Male,214.68.38.147
490,Wynne,Toombs,wtoombsdl@a8.net,Female,20.138.69.11
491,Jilly,Khomich,jkhomichdm@dot.gov,Female,188.203.219.86
492,Lew,Mapston,lmapstondn@irs.gov,Male,255.189.15.85
493,Wileen,Kellington,wkellingtondo@oakley.com,Female,135.129.115.212
494,Tiphany,Clell,tclelldp@surveymonkey.com,Female,37.165.183.29
495,Tome,Tilbrook,ttilbrookdq@liveinternet.ru,Male,26.163.236.136
496,Hortensia,Meddows,hmeddowsdr@webeden.co.uk,Female,248.45.197.139
497,Shepard,Shambroke,sshambrokeds@ucla.edu,Male,106.37.213.6
498,Ignatius,Burnell,iburnelldt@reddit.com,Male,235.0.17.89
499,Francisca,Wegener,fwegenerdu@dailymail.co.uk,Female,94.85.175.22
500,Laureen,Parell,lparelldv@e-recht24.de,Female,232.36.113.246
501,Meredith,Crandon,mcrandondw@shutterfly.com,Female,10.229.130.36
502,Nerta,Coppock.,ncoppockdx@mac.com,Female,222.42.81.59
503,Georgetta,Chaffer,gchafferdy@salon.com,Female,54.154.36.253
504,Ilysa,Parades,iparadesdz@netscape.com,Female,5.93.250.38
505,Puff,Dace,pdacee0@jimdo.com,Male,251.244.235.241
506,Gal,Blewmen,gblewmene1@godaddy.com,Male,34.113.111.192
507,Yule,Heims,yheimse2@skype.com,Male,3.123.168.44
508,Delmar,Eddison,deddisone3@i2i.jp,Male,65.244.195.70
509,Benita,Cuel,bcuele4@addthis.com,Female,201.218.217.123
510,Gustie,Otley,gotleye5@technorati.com,Female,145.30.16.69
511,Yettie,Clewlow,yclewlowe6@parallels.com,Female,43.169.70.225
512,Dulci,Lowde,dlowdee7@blogs.com,Female,188.63.121.217
513,Ferdy,Chewter,fchewtere8@hhs.gov,Male,84.123.122.121
514,Itch,Kelf,ikelfe9@deviantart.com,Male,99.41.237.174
515,Giusto,Wringe,gwringeea@nationalgeographic.com,Male,35.71.134.18
516,Libbie,Ragles,lragleseb@cnbc.com,Female,10.221.12.5
517,Gardiner,Girton,ggirtonec@uiuc.edu,Male,193.69.184.38
518,Jayme,McPake,jmcpakeed@booking.com,Male,40.203.165.209
519,Vinita,Izod,vizodee@is.gd,Female,162.179.197.219
520,Mathian,Kochlin,mkochlinef@imageshack.us,Male,121.50.128.114
521,Karie,Hutable,khutableeg@123-reg.co.uk,Female,62.244.80.94
522,Sylvester,Gierhard,sgierhardeh@github.io,Male,154.236.160.49
523,Byrle,Rappoport,brappoportei@sourceforge.net,Male,71.19.226.188
524,Hadria,Fleming,hflemingej@intel.com,Female,56.119.239.118
525,Inness,Patroni,ipatroniek@xrea.com,Male,21.91.247.177
526,Aidan,Rennebach,arennebachel@smugmug.com,Female,179.141.159.235
527,Klemens,McCorrie,kmccorrieem@godaddy.com,Male,17.222.18.62
528,Hewie,Yockley,hyockleyen@rambler.ru,Male,153.21.253.248
529,Cammy,Proudman,cproudmaneo@istockphoto.com,Female,159.111.197.139
530,Collin,Pluthero,cplutheroep@cbsnews.com,Male,200.134.157.247
531,Ezri,Peagrim,epeagrimeq@last.fm,Male,147.34.86.218
532,Demetri,Baggs,dbaggser@g.co,Male,190.66.121.207
533,Morena,Folcarelli,mfolcarellies@linkedin.com,Female,100.70.52.171
534,Maggy,Malim,mmalimet@prweb.com,Female,193.216.30.188
535,Asher,Dingivan,adingivaneu@narod.ru,Male,182.222.92.192
536,Carmencita,Yesinov,cyesinovev@comsenz.com,Female,166.38.171.45
537,Jordan,Ary,jaryew@independent.co.uk,Female,117.95.255.26
538,Caryn,MacCorkell,cmaccorkellex@indiegogo.com,Female,204.109.26.234
539,Meta,Grenville,mgrenvilleey@artisteer.com,Female,82.205.112.122
540,Fawn,Schubert,fschubertez@addtoany.com,Female,138.42.103.7
541,Henri,Grahame,hgrahamef0@businesswire.com,Male,8.119.133.188
542,Bradley,Scrancher,bscrancherf1@g.co,Male,17.239.131.139
543,Deva,Fritschel,dfritschelf2@elpais.com,Female,246.17.143.252
544,Jo-ann,Fadell,jfadellf3@ask.com,Female,245.31.116.185
545,Tiff,Swanbourne,tswanbournef4@fda.gov,Female,30.130.26.222
546,Letitia,MacMillan,lmacmillanf5@amazon.co.jp,Female,114.167.232.200
547,Gary,Casol,gcasolf6@mayoclinic.com,Male,83.223.166.192
548,Ardyth,Caddan,acaddanf7@ucla.edu,Female,22.50.73.41
549,Adria,Teresi,ateresif8@gov.uk,Female,26.229.99.239
550,Rex,Okey,rokeyf9@narod.ru,Male,214.83.208.155
551,Lyssa,Yaus,lyausfa@4shared.com,Female,117.35.170.121
552,Ag,Mycock,amycockfb@washington.edu,Female,104.130.129.57
553,Milly,Tillot,mtillotfc@gizmodo.com,Female,15.237.18.195
554,Thayne,Skein,tskeinfd@phoca.cz,Male,70.95.49.99
555,Michele,Greensall,mgreensallfe@google.com.br,Female,179.23.72.182
556,Aime,Holstein,aholsteinff@nih.gov,Female,80.254.89.177
557,Morganica,Vautre,mvautrefg@phpbb.com,Female,192.83.178.135
558,Laurie,Cheson,lchesonfh@gov.uk,Male,214.140.213.191
559,Efren,Giocannoni,egiocannonifi@linkedin.com,Male,190.200.205.37
560,Wandie,Saurin,wsaurinfj@netscape.com,Female,117.228.114.157
561,Atalanta,Lindenblatt,alindenblattfk@vimeo.com,Female,228.130.117.104
562,Ozzy,Fussell,ofussellfl@skype.com,Male,186.182.246.150
563,Rriocard,Geockle,rgeocklefm@harvard.edu,Male,62.205.93.255
564,Kain,Assiter,kassiterfn@weather.com,Male,17.4.229.93
565,Breena,Chable,bchablefo@google.co.jp,Female,208.91.42.227
566,Steffi,Goodship,sgoodshipfp@t-online.de,Female,17.24.217.58
567,Ranna,Lambourne,rlambournefq@patch.com,Female,80.146.126.88
568,Gerardo,Dewfall,gdewfallfr@state.gov,Male,222.99.234.106
569,Gerrard,Housego,ghousegofs@redcross.org,Male,212.115.0.86
570,Cosette,Ert,certft@typepad.com,Female,22.123.117.153
571,Marvin,Bordis,mbordisfu@cnn.com,Male,208.202.204.2
572,Glad,Brayshay,gbrayshayfv@booking.com,Female,172.33.35.63
573,Kasper,Dur,kdurfw@google.com.au,Male,26.101.166.202
574,Hubie,Pasmore,hpasmorefx@creativecommons.org,Male,96.70.27.66
575,Denise,Ville,dvillefy@apache.org,Female,214.246.201.86
576,Sheila,Brito,sbritofz@biglobe.ne.jp,Female,10.95.91.74
577,Felipa,Mitrovic,fmitrovicg0@nih.gov,Female,240.157.144.133
578,Harrie,Coutts,hcouttsg1@photobucket.com,Female,230.43.217.88
579,Terri,Thirlaway,tthirlawayg2@china.com.cn,Male,30.223.216.64
580,Reta,O'Neal,ronealg3@google.nl,Female,101.242.13.178
581,Adi,Bellelli,abellellig4@so-net.ne.jp,Female,252.224.150.32
582,Russell,Le Maitre,rlemaitreg5@foxnews.com,Male,11.47.196.59
583,Billye,McGloughlin,bmcgloughling6@mail.ru,Female,227.120.205.109
584,Raoul,Henriksson,rhenrikssong7@xinhuanet.com,Male,53.153.123.153
585,Alain,Tantrum,atantrumg8@usa.gov,Male,147.62.220.194
586,Morena,Nys,mnysg9@virginia.edu,Female,90.73.125.53
587,Mortie,Ropking,mropkingga@topsy.com,Male,26.203.248.239
588,Forrest,Salmen,fsalmengb@boston.com,Male,115.227.73.103
589,Saxon,Ruxton,sruxtongc@mozilla.com,Male,150.254.145.208
590,Erminia,Insole,einsolegd@ucla.edu,Female,175.242.154.214
591,Shaine,Lace,slacege@acquirethisname.com,Female,163.200.152.15
592,Stephen,Burgyn,sburgyngf@networkadvertising.org,Male,121.145.8.214
593,Tedmund,Haldene,thaldenegg@topsy.com,Male,39.6.227.42
594,Westleigh,Vakhlov,wvakhlovgh@scribd.com,Male,7.154.12.253
595,Alene,Parrington,aparringtongi@cdbaby.com,Female,91.68.137.116
596,Rusty,Pawfoot,rpawfootgj@ftc.gov,Male,95.230.209.255
597,Jeff,Ludman,jludmangk@ameblo.jp,Male,9.82.143.56
598,Lucita,MacLese,lmaclesegl@cnbc.com,Female,88.116.146.2
599,Jeanine,Allaker,jallakergm@netvibes.com,Female,66.232.165.21
600,Bryce,Bowdon,bbowdongn@time.com,Male,139.49.0.101
601,Mohandas,Gibben,mgibbengo@com.com,Male,35.96.166.247
602,Eldridge,Kirkbright,ekirkbrightgp@arstechnica.com,Male,212.1.92.238
603,Lynnette,Hrishchenko,lhrishchenkogq@themeforest.net,Female,134.234.22.177
604,Gayler,Storks,gstorksgr@reddit.com,Male,83.24.222.148
605,Blinny,Collum,bcollumgs@w3.org,Female,29.212.103.51
606,Shaun,Tomaszewski,stomaszewskigt@tripod.com,Male,16.248.241.65
607,Rafaelita,Haskell,rhaskellgu@loc.gov,Female,162.8.243.46
608,Junette,Bromilow,jbromilowgv@etsy.com,Female,105.123.230.90
609,Wit,Millsap,wmillsapgw@globo.com,Male,41.190.232.93
610,Yankee,Duberry,yduberrygx@umn.edu,Male,179.198.50.24
611,Normy,Jamieson,njamiesongy@example.com,Male,167.44.175.192
612,Berk,Reuss,breussgz@booking.com,Male,123.22.150.240
613,Eilis,Greenman,egreenmanh0@un.org,Female,164.152.243.239
614,Vanya,Mogridge,vmogridgeh1@answers.com,Female,43.63.219.113
615,Chrissie,Doelle,cdoelleh2@drupal.org,Male,236.128.249.41
616,Edithe,Ferryman,eferrymanh3@purevolume.com,Female,67.20.115.126
617,Grover,Verdy,gverdyh4@over-blog.com,Male,67.193.241.197
618,Theda,Bowdon,tbowdonh5@hibu.com,Female,192.25.221.153
619,Chaddie,Dudin,cdudinh6@merriam-webster.com,Male,58.12.180.216
620,Vilhelmina,Minty,vmintyh7@bbb.org,Female,215.248.209.160
621,Barnebas,Vlasyev,bvlasyevh8@uol.com.br,Male,170.8.47.82
622,Torrie,Stork,tstorkh9@berkeley.edu,Female,234.242.206.3
623,Maura,McEachern,mmceachernha@army.mil,Female,129.156.132.189
624,Archy,Mallalieu,amallalieuhb@wikia.com,Male,27.60.117.1
625,Elfie,Readwin,ereadwinhc@altervista.org,Female,206.255.211.84
626,Rooney,Goodisson,rgoodissonhd@dmoz.org,Male,101.13.110.103
627,Cheston,Harrington,charringtonhe@surveymonkey.com,Male,218.245.229.204
628,Salim,Sanchiz,ssanchizhf@last.fm,Male,80.172.158.253
629,Noreen,Jersch,njerschhg@blogspot.com,Female,215.133.221.27
630,Bord,Beatey,bbeateyhh@unblog.fr,Male,196.222.235.169
631,Townie,Janczewski,tjanczewskihi@geocities.com,Male,250.91.230.31
632,Clarette,Giraths,cgirathshj@blogtalkradio.com,Female,133.101.6.14
633,Dwight,Lubeck,dlubeckhk@themeforest.net,Male,22.64.235.59
634,Daryn,Stobart,dstobarthl@businesswire.com,Female,242.95.184.35
635,Barbabas,Baradel,bbaradelhm@seattletimes.com,Male,170.17.13.59
636,Elsy,Berkeley,eberkeleyhn@un.org,Female,155.181.42.230
637,Robbie,Vater,rvaterho@barnesandnoble.com,Female,152.180.48.253
638,Roy,Heaney`,rheaneyhp@nbcnews.com,Male,141.82.189.190
639,Bobbe,Seif,bseifhq@dailymail.co.uk,Female,77.43.234.178
640,Mallory,Bilsborrow,mbilsborrowhr@earthlink.net,Male,221.202.145.243
641,Bradford,Mcsarry,bmcsarryhs@umn.edu,Male,108.224.147.81
642,Lalo,ffrench Beytagh,lffrenchbeytaghht@stanford.edu,Male,189.149.192.96
643,Gearalt,Cana,gcanahu@wix.com,Male,163.11.180.132
644,Kimmy,Tomkiss,ktomkisshv@ovh.net,Female,72.240.193.70
645,Fidole,Carlsson,fcarlssonhw@google.co.jp,Male,52.193.149.199
646,Olag,Cowcha,ocowchahx@istockphoto.com,Male,155.229.111.147
647,Axel,Gauden,agaudenhy@gmpg.org,Male,212.234.60.231
648,Sully,Defau,sdefauhz@miibeian.gov.cn,Male,90.186.245.180
649,Lora,Burland,lburlandi0@woothemes.com,Female,15.226.216.45
650,Babette,Hurn,bhurni1@cloudflare.com,Female,133.5.34.49
651,Blinny,Cloute,bcloutei2@clickbank.net,Female,180.200.192.178
652,Chaim,Rydeard,crydeardi3@dagondesign.com,Male,222.11.63.205
653,Riki,Symmons,rsymmonsi4@delicious.com,Female,219.111.134.216
654,Janeva,Ferrarotti,jferrarottii5@quantcast.com,Female,78.74.203.30
655,Katha,Dews,kdewsi6@posterous.com,Female,223.111.20.147
656,Jo,Valek,jvaleki7@amazon.co.jp,Male,38.49.55.16
657,Arv,Matthieson,amatthiesoni8@seesaa.net,Male,150.103.71.146
658,Spencer,Reid,sreidi9@europa.eu,Male,188.138.119.112
659,Kynthia,Tippell,ktippellia@stumbleupon.com,Female,173.163.168.143
660,Rayna,Renfree,rrenfreeib@soundcloud.com,Female,70.10.39.88
661,Archer,Kenen,akenenic@ebay.com,Male,44.182.26.116
662,Westley,Ramage,wramageid@mapquest.com,Male,134.102.127.65
663,Ike,Chancellor,ichancellorie@pcworld.com,Male,149.235.4.16
664,Denis,Slaughter,dslaughterif@europa.eu,Male,254.230.183.128
665,Noah,Killner,nkillnerig@google.nl,Male,172.90.123.162
666,Araldo,Aviss,aavissih@angelfire.com,Male,82.218.91.213
667,Loralie,Marcome,lmarcomeii@yolasite.com,Female,31.149.106.188
668,Ambrosio,O'Mullally,aomullallyij@slideshare.net,Male,224.194.32.127
669,Miguelita,Shane,mshaneik@cpanel.net,Female,171.122.77.191
670,Quincy,Load,qloadil@thetimes.co.uk,Male,113.98.218.209
671,Garek,Wones,gwonesim@1und1.de,Male,228.248.242.232
672,Carmita,Marcu,cmarcuin@state.tx.us,Female,252.230.147.69
673,Konstantine,Francescuzzi,kfrancescuzziio@ustream.tv,Male,54.159.139.136
674,Wileen,Khristyukhin,wkhristyukhinip@amazon.com,Female,79.151.231.4
675,Constantine,Matchett,cmatchettiq@hud.gov,Male,216.151.234.56
676,Cherri,Domegan,cdomeganir@meetup.com,Female,243.145.221.165
677,Harald,Bardsley,hbardsleyis@plala.or.jp,Male,99.145.202.23
678,Pooh,Duxfield,pduxfieldit@hp.com,Male,126.243.76.214
679,Vonnie,Norwood,vnorwoodiu@twitter.com,Female,192.188.57.98
680,Jared,Kemet,jkemetiv@ameblo.jp,Male,98.130.204.19
681,Misty,Dron,mdroniw@jalbum.net,Female,154.87.87.225
682,Son,Bumford,sbumfordix@soup.io,Male,58.134.89.152
683,Rufus,Mc Faul,rmcfauliy@bloomberg.com,Male,245.101.72.95
684,Janaya,Itzhayek,jitzhayekiz@marriott.com,Female,251.68.141.230
685,Fawne,Kinahan,fkinahanj0@cmu.edu,Female,130.195.57.174
686,Ignacio,Judgkins,ijudgkinsj1@altervista.org,Male,165.250.133.169
687,Dinnie,Gordon,dgordonj2@ustream.tv,Female,78.155.141.55
688,Sheffield,Densell,sdensellj3@imageshack.us,Male,161.237.74.130
689,Elisa,Yirrell,eyirrellj4@cnbc.com,Female,222.136.47.18
690,Bev,Shepherdson,bshepherdsonj5@about.com,Female,2.74.39.72
691,Marilee,Gridley,mgridleyj6@wunderground.com,Female,11.238.44.161
692,Chrotoem,Deans,cdeansj7@spotify.com,Male,144.209.1.122
693,Danni,Winward,dwinwardj8@creativecommons.org,Female,142.142.96.47
694,Anabella,Belt,abeltj9@canalblog.com,Female,195.119.105.213
695,Bailey,Hallan,bhallanja@trellian.com,Male,241.156.152.101
696,Elnar,Dannohl,edannohljb@twitpic.com,Male,59.37.231.208
697,Yurik,Riply,yriplyjc@blinklist.com,Male,107.52.61.232
698,Alick,Pear,apearjd@friendfeed.com,Male,152.234.141.126
699,Clo,Aleksic,caleksicje@bluehost.com,Female,228.97.190.2
700,Blane,Moar,bmoarjf@purevolume.com,Male,61.208.130.41
701,Tabatha,Charleston,tcharlestonjg@adobe.com,Female,87.41.150.233
702,Jeane,Risson,jrissonjh@mozilla.org,Female,4.155.0.97
703,Ailyn,Fassmann,afassmannji@cornell.edu,Female,167.189.39.202
704,Thaddus,Bassill,tbassilljj@gizmodo.com,Male,233.176.126.157
705,Rozina,Perrinchief,rperrinchiefjk@chicagotribune.com,Female,209.186.164.165
706,Cesaro,Cleverly,ccleverlyjl@typepad.com,Male,126.16.73.133
707,Teddi,Bootyman,tbootymanjm@clickbank.net,Female,213.207.244.74
708,Arty,Palk,apalkjn@dot.gov,Male,23.8.122.139
709,Gustavo,Tidball,gtidballjo@shop-pro.jp,Male,71.165.228.85
710,Francisco,Fern,ffernjp@amazon.com,Male,248.33.152.47
711,Freddi,Lanfear,flanfearjq@usnews.com,Female,0.188.199.50
712,Sheryl,Fechnie,sfechniejr@spotify.com,Female,60.250.45.241
713,Joshuah,Dillestone,jdillestonejs@soundcloud.com,Male,220.173.93.31
714,Chandal,Chatteris,cchatterisjt@google.de,Female,232.140.78.222
715,Raquela,Dubbin,rdubbinju@home.pl,Female,87.82.187.41
716,Milo,Norcutt,mnorcuttjv@trellian.com,Male,58.9.33.179
717,Heall,Rawcliff,hrawcliffjw@g.co,Male,0.207.66.244
718,Adore,Langer,alangerjx@wisc.edu,Female,14.37.68.158
719,Estrella,Castelyn,ecastelynjy@umn.edu,Female,222.119.157.71
720,Rasia,Mecco,rmeccojz@jimdo.com,Female,62.80.199.206
721,Adria,Rubinsztein,arubinszteink0@ihg.com,Female,136.240.180.33
722,Demetris,Parcells,dparcellsk1@jiathis.com,Male,27.149.29.38
723,Horatius,Ridwood,hridwoodk2@nytimes.com,Male,42.122.85.33
724,Geoff,Dilnot,gdilnotk3@cnn.com,Male,136.92.110.48
725,Briano,Phillipson,bphillipsonk4@businessinsider.com,Male,192.203.230.121
726,Ned,Alonso,nalonsok5@cornell.edu,Male,127.189.43.226
727,Gunter,Brandts,gbrandtsk6@spotify.com,Male,178.24.219.213
728,Thom,Smallcomb,tsmallcombk7@economist.com,Male,217.180.180.180
729,Hyman,Folomin,hfolomink8@yelp.com,Male,105.233.123.49
730,Fiona,Jonah,fjonahk9@icio.us,Female,47.20.100.190
731,Kent,Asbrey,kasbreyka@sphinn.com,Male,231.7.225.217
732,Caron,Hylands,chylandskb@posterous.com,Female,4.80.24.28
733,Kelly,Cattrell,kcattrellkc@edublogs.org,Male,85.24.93.113
734,Michel,Wintle,mwintlekd@fda.gov,Female,141.225.226.52
735,Oliy,Destouche,odestoucheke@arstechnica.com,Female,241.247.144.208
736,Augusto,Cohn,acohnkf@aol.com,Male,0.131.67.124
737,Theo,Gregr,tgregrkg@dell.com,Female,235.112.181.45
738,Andris,Lynds,alyndskh@hubpages.com,Male,83.83.251.165
739,Kerr,Josum,kjosumki@t.co,Male,65.176.59.106
740,Vladimir,Flag,vflagkj@livejournal.com,Male,123.150.182.171
741,Rutledge,Grice,rgricekk@facebook.com,Male,253.241.188.247
742,Peri,Blabber,pblabberkl@redcross.org,Female,19.75.14.182
743,Dela,Gadeaux,dgadeauxkm@geocities.jp,Female,232.146.208.183
744,Eloise,McConnel,emcconnelkn@shop-pro.jp,Female,144.23.214.44
745,Norry,Simonot,nsimonotko@godaddy.com,Male,134.183.201.255
746,Rosalia,Elsom,relsomkp@blog.com,Female,36.16.75.160
747,Christi,Cancellario,ccancellariokq@yolasite.com,Female,166.111.63.3
748,Erda,Clyma,eclymakr@usda.gov,Female,211.75.94.31
749,Bird,Foucher,bfoucherks@bloomberg.com,Female,91.136.166.157
750,Vernen,Farragher,vfarragherkt@wordpress.org,Male,26.145.8.76
751,Karalee,Inkle,kinkleku@php.net,Female,209.79.247.154
752,Raine,Mor,rmorkv@bandcamp.com,Female,235.108.17.138
753,Johan,Bertenshaw,jbertenshawkw@bloglovin.com,Male,220.10.50.30
754,Chiarra,Borgnol,cborgnolkx@acquirethisname.com,Female,191.49.165.132
755,Yanaton,Somerset,ysomersetky@google.fr,Male,46.57.31.196
756,Rahal,Whymark,rwhymarkkz@mayoclinic.com,Female,41.13.148.121
757,Lexis,Krugmann,lkrugmannl0@facebook.com,Female,244.75.66.175
758,Walden,Woodroff,wwoodroffl1@cnn.com,Male,230.125.134.24
759,Gray,Onthank,gonthankl2@yellowpages.com,Male,94.206.172.244
760,Engracia,Deport,edeportl3@reddit.com,Female,208.94.42.175
761,Buck,Muddiman,bmuddimanl4@studiopress.com,Male,33.14.207.16
762,Estelle,Idney,eidneyl5@feedburner.com,Female,15.123.154.168
763,Teodora,Anfossi,tanfossil6@opensource.org,Female,184.169.79.242
764,Clayton,Shiel,cshiell7@facebook.com,Male,7.64.245.81
765,Bernadene,Goodrum,bgoodruml8@desdev.cn,Female,126.224.42.179
766,Barri,Hanway,bhanwayl9@toplist.cz,Male,168.160.6.97
767,Darryl,Irce,dircela@phpbb.com,Female,60.183.127.148
768,Mureil,Drakes,mdrakeslb@chron.com,Female,249.127.11.175
769,Basil,Oman,bomanlc@ox.ac.uk,Male,87.118.85.89
770,Abbie,MacPharlain,amacpharlainld@xinhuanet.com,Male,181.84.97.155
771,Fredek,Kivell,fkivellle@ovh.net,Male,142.153.44.222
772,Hymie,Dehn,hdehnlf@issuu.com,Male,80.75.132.67
773,Oralle,Veracruysse,overacruysselg@harvard.edu,Female,89.18.0.250
774,Tawnya,Arnson,tarnsonlh@newyorker.com,Female,43.151.183.17
775,Herold,Scheffler,hschefflerli@plala.or.jp,Male,33.3.182.177
776,Corissa,Perrins,cperrinslj@chicagotribune.com,Female,7.86.93.163
777,Andrew,Pickover,apickoverlk@163.com,Male,179.239.116.160
778,Arron,Stearley,astearleyll@seattletimes.com,Male,198.199.155.37
779,Alikee,Danby,adanbylm@telegraph.co.uk,Female,131.114.229.144
780,Niel,Abrashkin,nabrashkinln@goo.ne.jp,Male,35.60.119.142
781,Jim,Stuchbery,jstuchberylo@jiathis.com,Male,32.205.195.20
782,Austina,Mc Corley,amccorleylp@google.co.jp,Female,51.219.211.66
783,Dionysus,Ordish,dordishlq@whitehouse.gov,Male,13.123.146.53
784,Krystle,Tegler,kteglerlr@quantcast.com,Female,140.228.228.218
785,Ki,Bodechon,kbodechonls@illinois.edu,Female,212.231.218.131
786,Ransom,Cleaton,rcleatonlt@netlog.com,Male,174.15.136.147
787,Marne,Ruselin,mruselinlu@odnoklassniki.ru,Female,26.105.243.98
788,Humbert,Fidele,hfidelelv@stanford.edu,Male,75.151.133.222
789,Aguste,Gerriet,agerrietlw@about.com,Male,44.106.55.31
790,Priscilla,Vlahos,pvlahoslx@opensource.org,Female,197.18.47.160
791,Renard,Lamboll,rlambollly@cbsnews.com,Male,56.92.214.160
792,Torrence,O'Fallon,tofallonlz@statcounter.com,Male,180.67.142.201
793,Kelley,D'Ambrosi,kdambrosim0@sbwire.com,Male,163.31.253.154
794,Jaclyn,Hallen,jhallenm1@nationalgeographic.com,Female,112.116.14.89
795,Sylvia,Catling,scatlingm2@hud.gov,Female,153.202.19.159
796,Brit,Dike,bdikem3@squidoo.com,Male,11.121.188.149
797,Eldin,Taunton.,etauntonm4@thetimes.co.uk,Male,160.35.103.16
798,Julianna,Alvaro,jalvarom5@eepurl.com,Female,42.168.64.207
799,Fonz,Mary,fmarym6@narod.ru,Male,68.219.85.157
800,Merrile,Auston,maustonm7@wix.com,Female,2.253.244.79
801,Brianne,Hitschke,bhitschkem8@ocn.ne.jp,Female,200.245.204.68
802,Jillana,Brahams,jbrahamsm9@discuz.net,Female,187.195.240.14
803,Englebert,Ostick,eostickma@histats.com,Male,85.65.59.230
804,Allison,Noseworthy,anoseworthymb@theglobeandmail.com,Female,163.206.226.104
805,Gussie,Huitson,ghuitsonmc@ucla.edu,Female,220.84.146.210
806,Natassia,Denisovich,ndenisovichmd@liveinternet.ru,Female,220.101.80.187
807,Cosetta,Leavry,cleavryme@fda.gov,Female,65.96.79.222
808,Frederich,Corten,fcortenmf@wordpress.com,Male,33.146.198.221
809,Cecilius,Baselio,cbaseliomg@nymag.com,Male,102.124.82.8
810,Bev,Hargey,bhargeymh@zimbio.com,Male,1.218.206.135
811,Willa,Gottschalk,wgottschalkmi@dagondesign.com,Female,36.15.97.248
812,Mitchael,MacDearmid,mmacdearmidmj@biglobe.ne.jp,Male,75.254.34.235
813,Emanuel,Flea,efleamk@mapquest.com,Male,107.89.216.254
814,Kris,Cage,kcageml@who.int,Female,124.102.216.112
815,Steffie,Stannering,sstanneringmm@abc.net.au,Female,255.240.255.0
816,Bella,Christin,bchristinmn@umn.edu,Female,210.3.160.59
817,Morris,Southall,msouthallmo@unesco.org,Male,158.78.26.156
818,Rebeca,Doree,rdoreemp@clickbank.net,Female,3.96.200.63
819,Kass,Putterill,kputterillmq@virginia.edu,Female,197.139.222.188
820,Osborn,Bubear,obubearmr@aboutads.info,Male,208.207.122.228
821,Rolph,Mayger,rmaygerms@vkontakte.ru,Male,219.74.64.17
822,Sigismondo,Nunnery,snunnerymt@t.co,Male,224.151.137.253
823,Guthrie,Gallamore,ggallamoremu@theglobeandmail.com,Male,7.219.85.90
824,Mariette,Dart,mdartmv@miitbeian.gov.cn,Female,147.57.50.58
825,Willy,Bliss,wblissmw@google.com,Female,38.87.187.245
826,Mackenzie,Binley,mbinleymx@arizona.edu,Male,223.101.80.94
827,Wren,Wooldridge,wwooldridgemy@independent.co.uk,Female,195.231.59.113
828,Jilli,Viant,jviantmz@hibu.com,Female,72.47.87.167
829,Ricoriki,Hallmark,rhallmarkn0@umich.edu,Male,53.235.7.216
830,Lorry,Crimp,lcrimpn1@nps.gov,Male,113.142.89.118
831,Shem,Gosnoll,sgosnolln2@jigsy.com,Male,175.212.114.23
832,Loy,Redolfi,lredolfin3@last.fm,Male,204.41.151.136
833,Temple,Bysh,tbyshn4@vinaora.com,Male,12.203.112.138
834,Naoma,Esom,nesomn5@independent.co.uk,Female,2.11.205.64
835,Michell,Moreland,mmorelandn6@noaa.gov,Female,202.212.124.171
836,Edin,Doulton,edoultonn7@blinklist.com,Female,18.14.247.15
837,Austen,Caldow,acaldown8@baidu.com,Male,70.226.75.134
838,Sabra,Alvarez,salvarezn9@eepurl.com,Female,99.193.65.187
839,Alethea,Albon,aalbonna@scientificamerican.com,Female,251.226.53.59
840,Darin,Pesek,dpeseknb@nyu.edu,Male,153.189.248.206
841,Ginelle,Fidal,gfidalnc@usatoday.com,Female,161.234.145.66
842,Melania,Stang-Gjertsen,mstanggjertsennd@discuz.net,Female,88.168.241.104
843,Octavius,Leggatt,oleggattne@t-online.de,Male,169.84.127.132
844,Minnnie,McMylor,mmcmylornf@hp.com,Female,185.207.46.160
845,Robin,Jorden,rjordenng@cnbc.com,Male,94.136.118.131
846,Erich,Belone,ebelonenh@qq.com,Male,15.28.81.34
847,Lissy,Stook,lstookni@nymag.com,Female,101.133.123.174
848,Maxie,Melbourn,mmelbournnj@xing.com,Male,206.51.205.169
849,Carmelina,Emons,cemonsnk@ucoz.ru,Female,210.134.240.44
850,Isaac,Ballard,iballardnl@marriott.com,Male,133.65.203.139
851,Mattheus,Kleinfeld,mkleinfeldnm@nbcnews.com,Male,243.196.151.162
852,Vinnie,Minghetti,vminghettinn@hc360.com,Female,43.214.163.79
853,Harli,Northage,hnorthageno@opensource.org,Female,21.74.249.129
854,Francisco,Martugin,fmartuginnp@statcounter.com,Male,128.131.188.171
855,Frannie,Mayston,fmaystonnq@so-net.ne.jp,Male,210.117.97.57
856,Angelo,Parley,aparleynr@timesonline.co.uk,Male,61.96.42.132
857,Jessa,Faers,jfaersns@hibu.com,Female,66.153.157.86
858,Nigel,Itzig,nitzignt@dmoz.org,Male,227.214.165.210
859,Etta,Kwiek,ekwieknu@adobe.com,Female,211.128.16.200
860,Tom,Risborough,trisboroughnv@meetup.com,Male,112.221.35.199
861,Bendix,Tysack,btysacknw@paginegialle.it,Male,254.224.75.28
862,Renelle,Bondesen,rbondesennx@vimeo.com,Female,234.78.212.82
863,Brandy,Kaine,bkaineny@zdnet.com,Male,84.104.182.4
864,Carl,Lutty,cluttynz@yandex.ru,Male,106.217.235.54
865,Jeffie,Staton,jstatono0@irs.gov,Male,94.139.245.229
866,Raviv,Matussow,rmatussowo1@cdbaby.com,Male,225.129.223.208
867,Sherill,Catcherside,scatchersideo2@gov.uk,Female,115.77.146.222
868,Betti,Lahy,blahyo3@jugem.jp,Female,100.198.122.162
869,Wandis,Zettler,wzettlero4@mail.ru,Female,163.157.121.137
870,Carmel,Lewcock,clewcocko5@technorati.com,Female,166.255.136.3
871,Meggi,Carlick,mcarlicko6@friendfeed.com,Female,35.219.251.237
872,Tawsha,Whitebread,twhitebreado7@google.co.jp,Female,195.171.185.222
873,Bevon,Speake,bspeakeo8@google.co.uk,Male,233.81.167.157
874,Thain,Dewberry,tdewberryo9@smugmug.com,Male,49.248.25.50
875,Elaine,Stothart,estothartoa@sitemeter.com,Female,30.1.50.120
876,Novelia,Otterwell,notterwellob@usda.gov,Female,76.45.94.162
877,Gallagher,Bentjens,gbentjensoc@pcworld.com,Male,236.216.95.203
878,Valerie,Trynor,vtrynorod@e-recht24.de,Female,91.77.43.236
879,Hunter,McTiernan,hmctiernanoe@stanford.edu,Male,191.26.74.247
880,Brook,Malkin,bmalkinof@youtu.be,Female,18.212.251.14
881,Pedro,Iacovo,piacovoog@ed.gov,Male,123.188.54.174
882,Katti,Bartosek,kbartosekoh@ucoz.ru,Female,52.117.150.47
883,Horten,Maher,hmaheroi@ycombinator.com,Male,20.37.216.195
884,Anna-maria,Ciccetti,aciccettioj@arstechnica.com,Female,80.141.187.132
885,Matthias,Oxenbury,moxenburyok@opera.com,Male,43.66.230.225
886,Jayme,Cowderoy,jcowderoyol@nba.com,Female,43.103.195.22
887,Graehme,Hartil,ghartilom@berkeley.edu,Male,184.180.88.237
888,Loni,Pabst,lpabston@illinois.edu,Female,54.118.233.189
889,Stacy,Carrivick,scarrivickoo@hatena.ne.jp,Male,5.176.68.116
890,Dinah,Mendus,dmendusop@chron.com,Female,215.116.69.149
891,Michael,Guilliland,mguillilandoq@amazon.de,Male,97.170.78.135
892,Bjorn,Kingh,bkinghor@eventbrite.com,Male,208.116.85.180
893,Kristen,Doughtery,kdoughteryos@census.gov,Female,180.120.214.181
894,Windham,Kilmurray,wkilmurrayot@123-reg.co.uk,Male,151.0.122.36
895,Alexandros,Kirkby,akirkbyou@livejournal.com,Male,209.90.60.228
896,Joseph,Pitkaithly,jpitkaithlyov@xing.com,Male,189.183.32.167
897,Patrizio,Tebbut,ptebbutow@economist.com,Male,47.147.106.78
898,Wally,Grenshiels,wgrenshielsox@cloudflare.com,Male,228.37.187.210
899,Torrie,Lugg,tluggoy@cloudflare.com,Female,91.210.123.162
900,Consalve,Conechie,cconechieoz@geocities.jp,Male,240.159.193.76
901,De,Lafoy,dlafoyp0@state.gov,Female,97.70.160.56
902,Adham,Poytress,apoytressp1@weibo.com,Male,85.108.81.191
903,Ilyssa,Domenget,idomengetp2@blogspot.com,Female,5.12.70.146
904,Dalila,Cansfield,dcansfieldp3@over-blog.com,Female,115.27.190.17
905,Rosabel,Canario,rcanariop4@blogtalkradio.com,Female,52.231.53.81
906,Meridith,Samet,msametp5@cloudflare.com,Female,242.138.253.220
907,Tania,Benettini,tbenettinip6@google.com,Female,29.83.92.193
908,Levin,Yearnes,lyearnesp7@flavors.me,Male,45.67.47.48
909,Price,Brunnen,pbrunnenp8@e-recht24.de,Male,102.122.91.224
910,Nathanial,Goshawke,ngoshawkep9@irs.gov,Male,155.178.33.64
911,Lara,Knight,lknightpa@ucsd.edu,Female,41.87.4.201
912,Phineas,Akid,pakidpb@scientificamerican.com,Male,87.33.177.31
913,Samuele,MacGlory,smacglorypc@com.com,Male,41.147.105.8
914,Margery,Braunstein,mbraunsteinpd@shareasale.com,Female,89.234.227.185
915,Karlotte,Edmonds,kedmondspe@sun.com,Female,243.99.97.114
916,Nathanial,Bakhrushin,nbakhrushinpf@un.org,Male,191.246.53.192
917,Patience,Tiebe,ptiebepg@icq.com,Female,129.63.58.130
918,Dyane,Gruczka,dgruczkaph@opensource.org,Female,204.21.255.116
919,Aleksandr,Rizzardo,arizzardopi@usa.gov,Male,178.176.49.147
920,Alasdair,Caddell,acaddellpj@typepad.com,Male,195.210.61.184
921,Iorgos,Bevis,ibevispk@constantcontact.com,Male,253.156.167.192
922,Neile,Tomet,ntometpl@sun.com,Female,153.67.58.158
923,Adelice,Devonside,adevonsidepm@virginia.edu,Female,98.101.87.216
924,Polly,Lacrouts,placroutspn@goo.gl,Female,72.66.173.39
925,Flint,Briand,fbriandpo@de.vu,Male,61.100.168.77
926,Berna,Andersson,banderssonpp@businessinsider.com,Female,230.133.18.175
927,Lauritz,Sones,lsonespq@businessweek.com,Male,80.110.38.91
928,Camile,Winterbotham,cwinterbothampr@symantec.com,Female,14.193.0.198
929,Tracey,Sherewood,tsherewoodps@state.tx.us,Male,105.186.13.157
930,Bertrando,Sexty,bsextypt@eventbrite.com,Male,84.86.69.179
931,Malachi,Gallier,mgallierpu@goo.ne.jp,Male,179.39.16.109
932,Benita,Hamber,bhamberpv@histats.com,Female,127.221.222.239
933,Eleen,Wisniewski,ewisniewskipw@is.gd,Female,34.111.132.194
934,Aurelia,Delong,adelongpx@walmart.com,Female,75.107.152.166
935,Zaria,Thresher,zthresherpy@state.tx.us,Female,185.125.211.22
936,Edd,McCunn,emccunnpz@marketwatch.com,Male,91.218.22.159
937,Barnebas,Mazzeo,bmazzeoq0@bbc.co.uk,Male,53.43.105.66
938,Gustavo,Beldham,gbeldhamq1@addtoany.com,Male,204.149.33.173
939,Charleen,Russilll,crussilllq2@redcross.org,Female,97.18.26.237
940,Sascha,Murrill,smurrillq3@howstuffworks.com,Female,153.2.98.112
941,Domini,Pardal,dpardalq4@nsw.gov.au,Female,153.162.77.187
942,Jacobo,Sundin,jsundinq5@1und1.de,Male,110.121.216.190
943,Waldon,Velten,wveltenq6@opera.com,Male,184.188.81.151
944,Rubie,Lafferty,rlaffertyq7@ask.com,Female,137.230.120.254
945,Alix,Flay,aflayq8@amazon.com,Female,23.11.77.83
946,Jayson,Townes,jtownesq9@usda.gov,Male,43.227.141.96
947,Alta,Flewett,aflewettqa@redcross.org,Female,185.97.234.117
948,Otis,McDiarmid,omcdiarmidqb@fda.gov,Male,34.217.58.173
949,Abdel,Abrehart,aabrehartqc@phoca.cz,Male,204.113.241.77
950,Wilona,Lydiate,wlydiateqd@dailymotion.com,Female,200.141.94.134
951,Amberly,Kinnie,akinnieqe@wix.com,Female,250.89.45.75
952,Prentiss,Soares,psoaresqf@netscape.com,Male,64.32.31.62
953,Tristan,Korbmaker,tkorbmakerqg@abc.net.au,Male,162.25.105.44
954,Brook,Eastmead,beastmeadqh@nhs.uk,Male,212.151.34.243
955,Alfredo,Evennett,aevennettqi@indiatimes.com,Male,31.185.189.178
956,Kiley,Riatt,kriattqj@bizjournals.com,Male,47.76.63.31
957,Sarena,Stelljes,sstelljesqk@cnn.com,Female,253.196.50.137
958,Clarette,Swanbourne,cswanbourneql@zimbio.com,Female,97.12.56.218
959,Abbe,Antal,aantalqm@mapy.cz,Male,103.156.242.35
960,Hagen,Laffan,hlaffanqn@g.co,Male,109.59.154.151
961,Henry,Ghiotto,hghiottoqo@seesaa.net,Male,159.41.199.85
962,Hannie,Janicek,hjanicekqp@symantec.com,Female,195.50.132.57
963,Reinhold,Corneliussen,rcorneliussenqq@imageshack.us,Male,73.6.238.76
964,Ross,Instrell,rinstrellqr@sitemeter.com,Male,151.246.155.254
965,Gayla,Lauga,glaugaqs@webs.com,Female,102.84.65.43
966,Avrom,Yardy,ayardyqt@pcworld.com,Male,205.208.223.113
967,Wandis,Sarath,wsarathqu@shareasale.com,Female,194.30.227.2
968,Tommy,McAleese,tmcaleeseqv@imdb.com,Male,235.38.152.168
969,Winny,Hardaway,whardawayqw@bing.com,Female,250.240.63.106
970,Colly,Walklett,cwalklettqx@multiply.com,Female,19.141.40.122
971,Germain,Routhorn,grouthornqy@jigsy.com,Male,175.11.63.91
972,Leia,Tamburi,ltamburiqz@google.co.jp,Female,72.80.141.194
973,Mommy,Weth,mwethr0@canalblog.com,Female,27.107.81.128
974,Merlina,Folkerts,mfolkertsr1@ibm.com,Female,243.133.199.79
975,Carter,Wadelin,cwadelinr2@globo.com,Male,36.169.183.23
976,Penrod,Bleything,pbleythingr3@seattletimes.com,Male,75.20.133.143
977,Janelle,Blancowe,jblancower4@barnesandnoble.com,Female,81.246.156.10
978,Loreen,Southway,lsouthwayr5@sourceforge.net,Female,130.238.133.245
979,Oralee,Sadgrove,osadgrover6@istockphoto.com,Female,164.111.17.175
980,Abbie,Bodycombe,abodycomber7@fotki.com,Female,103.50.169.113
981,Etta,Battany,ebattanyr8@mit.edu,Female,22.156.154.84
982,Blinni,Ferrarotti,bferrarottir9@upenn.edu,Female,205.236.95.57
983,Amitie,Cooper,acooperra@wordpress.org,Female,163.86.9.72
984,Pavla,Gitthouse,pgitthouserb@ucoz.com,Female,238.86.83.138
985,Danya,Bullan,dbullanrc@jigsy.com,Male,30.192.197.71
986,Abey,Le Marquand,alemarquandrd@qq.com,Male,91.84.15.171
987,Adams,Ciccerale,acicceralere@prlog.org,Male,241.19.111.101
988,Emelita,Clogg,ecloggrf@comsenz.com,Female,217.100.182.113
989,Denys,Keysel,dkeyselrg@arizona.edu,Male,15.187.11.17
990,Tammy,Foulks,tfoulksrh@netlog.com,Female,157.125.154.93
991,Viki,O'Devey,vodeveyri@etsy.com,Female,171.100.106.235
992,Roldan,Blowick,rblowickrj@sina.com.cn,Male,116.138.115.53
993,Cynthie,Maypes,cmaypesrk@time.com,Female,197.53.16.128
994,Rogers,Akam,rakamrl@mapy.cz,Male,139.238.210.73
995,Weidar,Forryan,wforryanrm@163.com,Male,187.205.199.195
996,Layne,Starkings,lstarkingsrn@opera.com,Female,166.141.127.179
997,Issy,Derdes,iderdesro@sphinn.com,Female,247.174.231.82
998,Tobin,Nussii,tnussiirp@ebay.com,Male,112.216.209.45
999,Sibbie,Yaknov,syaknovrq@hexun.com,Female,30.72.150.152
1000,Gerrilee,Hancox,ghancoxrr@paginegialle.it,Female,244.146.47.140
